"f","v"
0,"0.734681"
1,"0.469171"
2,"0.162813"
3,"0.884363"
4,"0.0245548"
5,"0.242224"
6,"0.308177"
7,"0.0552858"
8,"0.733245"
9,"0.624602"
10,"0.722797"
11,"0.278113"
12,"0.878615"
13,"0.00416831"
14,"0.340812"
15,"0.591517"
16,"0.304144"
17,"0.543593"
18,"0.00289128"
19,"0.875943"
20,"0.650423"
21,"0.930843"
22,"0.277255"
23,"0.0169725"
24,"0.756042"
25,"0.499279"
26,"0.825484"
27,"0.838615"
28,"0.208952"
29,"0.781329"
30,"0.771319"
31,"0.708550"
32,"0.473059"
33,"0.538213"
34,"0.116541"
35,"0.372802"
36,"0.201657"
37,"0.884564"
38,"0.127469"
39,"0.213196"
40,"0.646227"
41,"0.971849"
42,"0.573272"
43,"0.994965"
44,"0.0510068"
45,"0.261293"
46,"0.276122"
47,"0.463023"
48,"0.513837"
49,"0.929733"
50,"0.0820224"
51,"0.335093"
52,"0.0353886"
53,"0.121363"
54,"0.813522"
55,"0.565955"
56,"0.190623"
57,"0.887499"
58,"0.127263"
59,"0.798045"
60,"0.474427"
61,"0.367931"
62,"0.537894"
63,"0.292939"
64,"0.0518819"
65,"0.762619"
66,"0.306841"
67,"0.878412"
68,"0.633557"
69,"0.139692"
70,"0.741023"
71,"0.906160"
72,"0.911076"
73,"0.412763"
74,"0.382336"
75,"0.839241"
76,"0.836726"
77,"0.638882"
78,"0.214444"
79,"0.0340224"
80,"0.374674"
81,"0.549900"
82,"0.741062"
83,"0.297437"
84,"0.345852"
85,"0.298446"
86,"0.521630"
87,"0.335887"
88,"0.926825"
89,"0.706529"
90,"0.797526"
91,"0.262567"
92,"0.817135"
93,"0.376977"
94,"0.0102063"
95,"0.716431"
96,"0.783403"
97,"0.0316179"
98,"0.783876"
99,"0.685130"
100,"0.822235"
101,"0.0454593"
102,"0.831513"
103,"0.330395"
104,"0.383033"
105,"0.0571104"
106,"0.789946"
107,"0.221850"
108,"0.507367"
109,"0.928824"
110,"0.965999"
111,"0.131754"
112,"0.629075"
113,"0.709254"
114,"0.307656"
115,"0.540843"
116,"0.285208"
117,"0.0875178"
118,"0.136752"
119,"0.286749"
120,"0.582633"
121,"0.388064"
122,"0.0868241"
123,"0.309285"
124,"0.668961"
125,"0.150863"
126,"0.198044"
127,"0.537951"
128,"0.139935"
129,"0.269330"
130,"0.253710"
131,"0.227579"
132,"0.858135"
133,"0.391633"
134,"0.704975"
135,"0.186545"
136,"0.235512"
137,"0.406751"
138,"0.302295"
139,"0.297705"
140,"0.199694"
141,"0.857914"
142,"0.450462"
143,"0.255262"
144,"0.956684"
145,"0.295535"
146,"0.388579"
147,"0.232368"
148,"0.510565"
149,"0.752151"
150,"0.358669"
151,"0.713641"
152,"0.00959219"
153,"0.300857"
154,"0.984957"
155,"0.106949"
156,"0.237510"
157,"0.254912"
158,"0.186828"
159,"0.770232"
160,"0.354267"
161,"0.274780"
162,"0.0906502"
163,"0.311775"
164,"0.446362"
165,"0.725397"
166,"0.944373"
167,"0.363878"
168,"0.353061"
169,"0.990792"
170,"0.752721"
171,"0.217180"
172,"0.734346"
173,"0.0642487"
174,"0.297445"
175,"0.0617711"
176,"0.261255"
177,"0.569383"
178,"0.0545427"
179,"0.0948393"
180,"0.413395"
181,"0.721570"
182,"0.998126"
183,"0.173498"
184,"0.795369"
185,"0.308922"
186,"0.383085"
187,"0.0129120"
188,"0.454080"
189,"0.639879"
190,"0.638340"
191,"0.534957"
192,"0.928445"
193,"0.0532355"
194,"0.664253"
195,"0.613166"
196,"0.124832"
197,"0.313418"
198,"0.434517"
199,"0.258093"
200,"0.0364005"
201,"0.381551"
202,"0.514577"
203,"0.970268"
204,"0.167137"
205,"0.183388"
206,"0.484363"
207,"0.470846"
208,"0.528165"
209,"0.0623165"
210,"0.267142"
211,"0.638074"
212,"0.964937"
213,"0.189616"
214,"0.273693"
215,"0.527037"
216,"0.0564996"
217,"0.966116"
218,"0.885357"
219,"0.251184"
220,"0.0325405"
221,"0.0516168"
222,"0.465687"
223,"0.316186"
224,"0.231739"
225,"0.220245"
226,"0.354392"
227,"0.0177976"
228,"0.248856"
229,"0.460921"
230,"0.678589"
231,"0.813813"
232,"0.678239"
233,"0.272080"
234,"0.0592678"
235,"0.510614"
236,"0.0196761"
237,"0.285995"
238,"0.511117"
239,"0.467827"
240,"0.870006"
241,"0.930907"
242,"0.599418"
243,"0.0837946"
244,"0.360616"
245,"0.0288764"
246,"0.589423"
247,"0.592533"
248,"0.0800245"
249,"0.229833"
250,"0.446881"
251,"0.0372301"
252,"0.208446"
253,"0.962467"
254,"0.457334"
255,"0.600757"
256,"0.852231"
257,"0.687606"
258,"0.0810824"
259,"0.264773"
260,"0.361936"
261,"0.856256"
262,"0.525922"
263,"0.271203"
264,"0.393373"
265,"0.763011"
266,"0.956699"
267,"0.184470"
268,"0.951539"
269,"0.295513"
270,"0.937630"
271,"0.314050"
272,"0.411552"
273,"0.965179"
274,"0.610263"
275,"0.703296"
276,"0.522507"
277,"0.168619"
278,"0.950960"
279,"0.746942"
280,"0.296026"
281,"0.230663"
282,"0.612473"
283,"0.691688"
284,"0.620910"
285,"0.968000"
286,"0.0880052"
287,"0.642643"
288,"0.108108"
289,"0.463508"
290,"0.562537"
291,"0.883129"
292,"0.330786"
293,"0.740776"
294,"0.531422"
295,"0.0980583"
296,"0.126852"
297,"0.510716"
298,"0.542657"
299,"0.351870"
300,"0.484470"
301,"0.379895"
302,"0.865228"
303,"0.125525"
304,"0.194003"
305,"0.407622"
306,"0.0579371"
307,"0.269294"
308,"0.155445"
309,"0.789792"
310,"0.584331"
311,"0.0779417"
312,"0.167600"
313,"0.156722"
314,"0.805651"
315,"0.527158"
316,"0.0381063"
317,"0.273163"
318,"0.272240"
319,"0.151705"
320,"0.144638"
321,"0.992582"
322,"0.501775"
323,"0.0157266"
324,"0.781801"
325,"0.835253"
326,"0.358560"
327,"0.289499"
328,"0.992499"
329,"0.236511"
330,"0.861700"
331,"0.487050"
332,"0.102590"
333,"0.732308"
334,"0.0115069"
335,"0.0451289"
336,"0.360175"
337,"0.639643"
338,"0.969234"
339,"0.00124543"
340,"0.378832"
341,"0.387644"
342,"0.162277"
343,"0.977089"
344,"0.765319"
345,"0.671821"
346,"0.940100"
347,"0.860784"
348,"0.0788791"
349,"0.545194"
350,"0.400387"
351,"0.803023"
352,"0.403891"
353,"0.937626"
354,"0.261082"
355,"0.0859370"
356,"0.0946860"
357,"0.820979"
358,"0.0782296"
359,"0.775513"
360,"0.497456"
361,"0.758647"
362,"0.743649"
363,"0.330345"
364,"0.945563"
365,"0.625952"
366,"0.257746"
367,"0.965641"
368,"0.113909"
369,"0.0521390"
370,"0.844883"
371,"0.132853"
372,"0.866646"
373,"0.610856"
374,"0.863434"
375,"0.796746"
376,"0.921102"
377,"0.925137"
378,"0.176543"
379,"0.130293"
380,"0.282172"
381,"0.675926"
382,"0.489926"
383,"0.940719"
384,"0.134702"
385,"0.645931"
386,"0.697605"
387,"0.0996220"
388,"0.356427"
389,"0.894572"
390,"0.642965"
391,"0.370343"
392,"0.346753"
393,"0.760464"
394,"0.336966"
395,"0.0802799"
396,"0.130320"
397,"0.686127"
398,"0.830627"
399,"0.120876"
400,"0.403726"
401,"0.313724"
402,"0.343253"
403,"0.00200832"
404,"0.684016"
405,"0.395661"
406,"0.783978"
407,"0.285912"
408,"0.258707"
409,"0.483573"
410,"0.0391565"
411,"0.210594"
412,"0.0740418"
413,"0.291265"
414,"0.253448"
415,"0.330573"
416,"0.379253"
417,"0.945473"
418,"0.412266"
419,"0.489670"
420,"0.948731"
421,"0.598364"
422,"0.841079"
423,"0.549251"
424,"0.663368"
425,"0.776005"
426,"0.452873"
427,"0.864222"
428,"0.767491"
429,"0.560243"
430,"0.0256953"
431,"0.0932860"
432,"0.936880"
433,"0.363747"
434,"0.104836"
435,"0.937212"
436,"0.807958"
437,"0.633156"
438,"0.520455"
439,"0.636588"
440,"0.959339"
441,"0.673362"
442,"0.0559037"
443,"0.299143"
444,"0.909700"
445,"0.434123"
446,"0.243110"
447,"0.780022"
448,"0.925276"
449,"0.579538"
450,"0.0540900"
451,"0.428816"
452,"0.605829"
453,"0.859889"
454,"0.564441"
455,"0.118288"
456,"0.284579"
457,"0.0281691"
458,"0.492289"
459,"0.396303"
460,"0.00335731"
461,"0.654835"
462,"0.0420557"
463,"0.687897"
464,"0.0866211"
465,"0.887638"
466,"0.126153"
467,"0.640543"
468,"0.923462"
469,"0.675405"
470,"0.374175"
471,"0.722876"
472,"0.0501315"
473,"0.635956"
474,"0.240185"
475,"0.940891"
476,"0.706272"
477,"0.715236"
478,"0.596656"
479,"0.968224"
480,"0.138905"
481,"0.854744"
482,"0.668291"
483,"0.734500"
484,"0.939836"
485,"0.974226"
486,"0.291731"
487,"0.765681"
488,"0.289006"
489,"0.621600"
490,"0.106718"
491,"0.643386"
492,"0.322055"
493,"0.319623"
494,"0.876245"
495,"0.309526"
496,"0.928507"
497,"0.933228"
498,"0.741427"
499,"0.625035"
500,"0.408504"
501,"0.181607"
502,"0.675205"
503,"0.484457"
504,"0.265616"
505,"0.173443"
506,"0.549041"
507,"0.859146"
508,"0.648479"
509,"0.120776"
510,"0.873489"
511,"0.465538"
512,"0.339049"
513,"0.582549"
514,"0.546779"
515,"0.549107"
516,"0.380906"
517,"0.122145"
518,"0.529585"
519,"0.0662218"
520,"0.873899"
521,"0.0184749"
522,"0.0860980"
523,"0.588339"
524,"0.417984"
525,"0.281397"
526,"0.814716"
527,"0.118816"
528,"0.904162"
529,"0.0969605"
530,"0.939439"
531,"0.739890"
532,"0.498559"
533,"0.665528"
534,"0.871974"
535,"0.888674"
536,"0.689964"
537,"0.542889"
538,"0.169672"
539,"0.514576"
540,"0.704584"
541,"0.877727"
542,"0.233471"
543,"0.406983"
544,"0.144615"
545,"0.772254"
546,"0.412695"
547,"0.857304"
548,"0.604457"
549,"0.553603"
550,"0.213141"
551,"0.626449"
552,"0.456693"
553,"0.0203523"
554,"0.627234"
555,"0.548122"
556,"0.701156"
557,"0.368031"
558,"0.669700"
559,"0.782834"
560,"0.668485"
561,"0.613404"
562,"0.881661"
563,"0.680262"
564,"0.0102722"
565,"0.256118"
566,"0.356772"
567,"0.975137"
568,"0.821862"
569,"0.597174"
570,"0.0922358"
571,"0.736202"
572,"0.630497"
573,"0.506665"
574,"0.869765"
575,"0.0805265"
576,"0.373611"
577,"0.639829"
578,"0.570996"
579,"0.776614"
580,"0.433438"
581,"0.688514"
582,"0.110760"
583,"0.479421"
584,"0.667409"
585,"0.298961"
586,"0.974408"
587,"0.422013"
588,"0.889393"
589,"0.489068"
590,"0.920045"
591,"0.0690670"
592,"0.411157"
593,"0.617633"
594,"0.400604"
595,"0.320220"
596,"0.829462"
597,"0.179320"
598,"0.308636"
599,"0.260215"
600,"0.000191443"
601,"0.550154"
602,"0.172801"
603,"0.738894"
604,"0.286768"
605,"0.128256"
606,"0.269194"
607,"0.540501"
608,"0.449202"
609,"0.734129"
610,"0.904723"
611,"0.557286"
612,"0.746065"
613,"0.496332"
614,"0.159371"
615,"0.278988"
616,"0.559804"
617,"0.269890"
618,"0.321815"
619,"0.395168"
620,"0.265579"
621,"0.911151"
622,"0.675304"
623,"0.491282"
624,"0.796551"
625,"0.609583"
626,"0.577597"
627,"0.843898"
628,"0.353305"
629,"0.619218"
630,"0.873501"
631,"0.630567"
632,"0.250161"
633,"0.0305876"
634,"0.543231"
635,"0.437112"
636,"0.915519"
637,"0.471466"
638,"0.540058"
639,"0.961723"
640,"0.986752"
641,"0.677831"
642,"0.0866889"
643,"0.793266"
644,"0.653920"
645,"0.951693"
646,"0.647576"
647,"0.0414775"
648,"0.665021"
649,"0.454120"
650,"0.312694"
651,"0.220884"
652,"0.790495"
653,"0.472841"
654,"0.229481"
655,"0.413634"
656,"0.279138"
657,"0.977179"
658,"0.840577"
659,"0.726626"
660,"0.629227"
661,"0.106687"
662,"0.0508504"
663,"0.412466"
664,"0.169459"
665,"0.495958"
666,"0.285071"
667,"0.614254"
668,"0.944458"
669,"0.824515"
670,"0.182569"
671,"0.699205"
672,"0.599600"
673,"0.727229"
674,"0.798836"
675,"0.292241"
676,"0.768613"
677,"0.350110"
678,"0.371223"
679,"0.135264"
680,"0.0987052"
681,"0.928059"
682,"0.942710"
683,"0.507870"
684,"0.588393"
685,"0.604957"
686,"0.349428"
687,"0.990893"
688,"0.376393"
689,"0.158380"
690,"0.150503"
691,"0.676970"
692,"0.121327"
693,"0.182510"
694,"0.328172"
695,"0.158703"
696,"0.160851"
697,"0.788081"
698,"0.832089"
699,"0.547815"
700,"0.630938"
701,"0.486189"
702,"0.947004"
703,"0.487521"
704,"0.481454"
705,"0.584898"
706,"0.493085"
707,"0.783273"
708,"0.737082"
709,"0.0216234"
710,"0.635066"
711,"0.671889"
712,"0.748736"
713,"0.507554"
714,"0.364502"
715,"0.0148058"
716,"0.0965385"
717,"0.0339284"
718,"0.975526"
719,"0.428410"
720,"0.523510"
721,"0.259296"
722,"0.818330"
723,"0.353747"
724,"0.995658"
725,"0.330094"
726,"0.393947"
727,"0.299310"
728,"0.783354"
729,"0.595379"
730,"0.446642"
731,"0.441407"
732,"0.359921"
733,"0.675268"
734,"0.779614"
735,"0.914707"
736,"0.144845"
737,"0.215193"
738,"0.451515"
739,"0.832661"
740,"0.326084"
741,"0.281093"
742,"0.681024"
743,"0.00404821"
744,"0.804381"
745,"0.0514090"
746,"0.996293"
747,"0.980129"
748,"0.918997"
749,"0.547063"
750,"0.691283"
751,"0.175332"
752,"0.277391"
753,"0.0425593"
754,"0.0582251"
755,"0.156455"
756,"0.368463"
757,"0.168606"
758,"0.809660"
759,"0.876013"
760,"0.762712"
761,"0.210981"
762,"0.481867"
763,"0.101451"
764,"0.896761"
765,"0.267305"
766,"0.411074"
767,"0.785935"
768,"0.343523"
769,"0.0337101"
770,"0.416086"
771,"0.242933"
772,"0.213091"
773,"0.0372734"
774,"0.978838"
775,"0.616810"
776,"0.615355"
777,"0.286987"
778,"0.830326"
779,"0.169246"
780,"0.831913"
781,"0.938888"
782,"0.601913"
783,"0.798679"
784,"0.945693"
785,"0.818224"
786,"0.0868695"
787,"0.828067"
788,"0.480634"
789,"0.350669"
790,"0.523465"
791,"0.130928"
792,"0.105866"
793,"0.381330"
794,"0.457319"
795,"0.887056"
796,"0.532248"
797,"0.773367"
798,"0.230990"
799,"0.118872"
800,"0.605056"
801,"0.964290"
802,"0.0375567"
803,"0.0724081"
804,"0.564442"
805,"0.316660"
806,"0.583339"
807,"0.978486"
808,"0.221371"
809,"0.937256"
810,"0.187679"
811,"0.327222"
812,"0.386738"
813,"0.697022"
814,"0.577550"
815,"0.221859"
816,"0.367207"
817,"0.938413"
818,"0.788052"
819,"0.124398"
820,"0.114241"
821,"0.00901604"
822,"0.123384"
823,"0.953388"
824,"0.309487"
825,"0.372603"
826,"0.580736"
827,"0.0643970"
828,"0.234180"
829,"0.752274"
830,"0.887271"
831,"0.583554"
832,"0.916136"
833,"0.690248"
834,"0.196865"
835,"0.0183736"
836,"0.397361"
837,"0.145349"
838,"0.675708"
839,"0.603843"
840,"0.877267"
841,"0.0101868"
842,"0.313380"
843,"0.995962"
844,"0.727775"
845,"0.0956294"
846,"0.162565"
847,"0.710260"
848,"0.120601"
849,"0.819383"
850,"0.340379"
851,"0.785606"
852,"0.0204809"
853,"0.413687"
854,"0.154716"
855,"0.707457"
856,"0.702556"
857,"0.662239"
858,"0.266824"
859,"0.645146"
860,"0.771760"
861,"0.625920"
862,"0.794556"
863,"0.269694"
864,"0.304467"
865,"0.511807"
866,"0.200497"
867,"0.455634"
868,"0.419924"
869,"0.555309"
870,"0.649165"
871,"0.977921"
872,"0.253181"
873,"0.979495"
874,"0.204350"
875,"0.496499"
876,"0.972033"
877,"0.659291"
878,"0.748787"
879,"0.791524"
880,"0.0621834"
881,"0.611309"
882,"0.789298"
883,"0.499853"
884,"0.0880339"
885,"0.00616937"
886,"0.814529"
887,"0.760353"
888,"0.247797"
889,"0.835547"
890,"0.336271"
891,"0.297907"
892,"0.840860"
893,"0.461422"
894,"0.785306"
895,"0.305341"
896,"0.198038"
897,"0.922212"
898,"0.570646"
899,"0.581291"
900,"0.677217"
901,"0.703460"
902,"0.699213"
903,"0.711194"
904,"0.971372"
905,"0.624096"
906,"0.0838845"
907,"0.821989"
908,"0.689829"
909,"0.667853"
910,"0.542190"
911,"0.0687492"
912,"0.574027"
913,"0.771721"
914,"0.773209"
915,"0.534375"
916,"0.359919"
917,"0.745929"
918,"0.662591"
919,"0.633747"
920,"0.0881258"
921,"0.999976"
922,"0.996143"
923,"0.712450"
924,"0.930332"
925,"0.683239"
926,"0.537875"
927,"0.619534"
928,"0.628880"
929,"0.944220"
930,"0.768252"
931,"0.958538"
932,"0.451267"
933,"0.885770"
934,"0.816628"
935,"0.978312"
936,"0.539584"
937,"0.763430"
938,"0.196316"
939,"0.763163"
940,"0.198948"
941,"0.662028"
942,"0.0208672"
943,"0.522134"
944,"0.0608210"
945,"0.718627"
946,"0.430896"
947,"0.399498"
948,"0.803044"
949,"0.298194"
950,"0.218607"
951,"0.696566"
952,"0.312786"
953,"0.379575"
954,"0.612076"
955,"0.898063"
956,"0.205501"
957,"0.743416"
958,"0.168576"
959,"0.851242"
960,"0.585636"
961,"0.804284"
962,"0.0947031"
963,"0.233942"
964,"0.805760"
965,"0.995200"
966,"0.350414"
967,"0.191034"
968,"0.184783"
969,"0.830129"
970,"0.306597"
971,"0.495652"
972,"0.247914"
973,"0.768524"
974,"0.0744362"
975,"0.345883"
976,"0.888375"
977,"0.362773"
978,"0.452945"
979,"0.662262"
980,"0.657600"
981,"0.619158"
982,"0.278318"
983,"0.528180"
984,"0.0795042"
985,"0.278298"
986,"0.190339"
987,"0.0408996"
988,"0.966013"
989,"0.0791356"
990,"0.962148"
991,"0.995758"
992,"0.0450189"
993,"0.405101"
994,"0.987074"
995,"0.465322"
996,"0.817792"
997,"0.588398"
998,"0.733698"
999,"0.299410"
1000,"0.184414"
1001,"0.346628"
1002,"0.797085"
1003,"0.119187"
1004,"0.714754"
1005,"0.251644"
1006,"0.0361878"
1007,"0.178020"
1008,"0.447435"
1009,"0.150816"
1010,"0.508000"
1011,"0.279145"
1012,"0.125316"
1013,"0.707002"
1014,"0.237521"
1015,"0.881864"
1016,"0.358741"
1017,"0.267459"
1018,"0.479574"
1019,"0.605397"
1020,"0.866180"
1021,"0.451317"
1022,"0.327909"
1023,"0.931365"
1024,"0.367671"
1025,"0.343514"
1026,"0.399271"
1027,"0.179271"
1028,"0.348759"
1029,"0.481840"
1030,"0.816738"
1031,"0.803674"
1032,"0.557924"
1033,"0.136540"
1034,"0.222414"
1035,"0.338199"
1036,"0.727794"
1037,"0.931024"
1038,"0.769160"
1039,"0.219760"
1040,"0.209611"
1041,"0.474969"
1042,"0.432027"
1043,"0.896749"
1044,"0.645228"
1045,"0.626768"
1046,"0.874760"
1047,"0.463861"
1048,"0.536120"
1049,"0.393433"
1050,"0.325690"
1051,"0.473825"
1052,"0.0364307"
1053,"0.359514"
1054,"0.224474"
1055,"0.416571"
1056,"0.442733"
1057,"0.333344"
1058,"0.725737"
1059,"0.535406"
1060,"0.379048"
1061,"0.737741"
1062,"0.137174"
1063,"0.415374"
1064,"0.689014"
1065,"0.374837"
1066,"0.993804"
1067,"0.109581"
1068,"0.963760"
1069,"0.222189"
1070,"0.408623"
1071,"0.475894"
1072,"0.398619"
1073,"0.964918"
1074,"0.545406"
1075,"0.692604"
1076,"0.283009"
1077,"0.227800"
1078,"0.367648"
1079,"0.818868"
1080,"0.272986"
1081,"0.361269"
1082,"0.316148"
1083,"0.395494"
1084,"0.122587"
1085,"0.113454"
1086,"0.269704"
1087,"0.834372"
1088,"0.0588546"
1089,"0.513174"
1090,"0.0445233"
1091,"0.303642"
1092,"0.0783224"
1093,"0.593196"
1094,"0.236527"
1095,"0.0230435"
1096,"0.323739"
1097,"0.675111"
1098,"0.721059"
1099,"0.175044"
1100,"0.599591"
1101,"0.543449"
1102,"0.938546"
1103,"0.776802"
1104,"0.210647"
1105,"0.792723"
1106,"0.808302"
1107,"0.518299"
1108,"0.996184"
1109,"0.691810"
1110,"0.566162"
1111,"0.597063"
1112,"0.244632"
1113,"0.754200"
1114,"0.549448"
1115,"0.847709"
1116,"0.762891"
1117,"0.972346"
1118,"0.318204"
1119,"0.981850"
1120,"0.0400862"
1121,"0.0242301"
1122,"0.324309"
1123,"0.328900"
1124,"0.402084"
1125,"0.726827"
1126,"0.651630"
1127,"0.246099"
1128,"0.940984"
1129,"0.947932"
1130,"0.143897"
1131,"0.533804"
1132,"0.388571"
1133,"0.190630"
1134,"0.853356"
1135,"0.784643"
1136,"0.872302"
1137,"0.431808"
1138,"0.779460"
1139,"0.0673878"
1140,"0.299133"
1141,"0.545516"
1142,"0.138108"
1143,"0.221178"
1144,"0.560832"
1145,"0.781609"
1146,"0.949228"
1147,"0.488628"
1148,"0.294108"
1149,"0.961152"
1150,"0.390320"
1151,"0.637231"
1152,"0.467924"
1153,"0.710785"
1154,"0.353308"
1155,"0.290373"
1156,"0.475659"
1157,"0.576614"
1158,"0.791551"
1159,"0.0822886"
1160,"0.138293"
1161,"0.501478"
1162,"0.366511"
1163,"0.748705"
1164,"0.904335"
1165,"0.0786145"
1166,"0.957878"
1167,"0.314964"
1168,"0.673729"
1169,"0.352796"
1170,"0.648279"
1171,"0.624170"
1172,"0.281620"
1173,"0.382330"
1174,"0.989847"
1175,"0.913215"
1176,"0.278464"
1177,"0.241756"
1178,"0.174068"
1179,"0.278219"
1180,"0.542598"
1181,"0.230369"
1182,"0.823254"
1183,"0.106236"
1184,"0.576660"
1185,"0.228340"
1186,"0.928349"
1187,"0.877666"
1188,"0.152219"
1189,"0.529560"
1190,"0.373855"
1191,"0.986530"
1192,"0.452502"
1193,"0.924077"
1194,"0.762564"
1195,"0.348560"
1196,"0.881864"
1197,"0.0531666"
1198,"0.132231"
1199,"0.0157802"
1200,"0.674331"
1201,"0.0673214"
1202,"0.742268"
1203,"0.867574"
1204,"0.402066"
1205,"0.151526"
1206,"0.000108986"
1207,"0.0217621"
1208,"0.860378"
1209,"0.373014"
1210,"0.333830"
1211,"0.657071"
1212,"0.354653"
1213,"0.916246"
1214,"0.619619"
1215,"0.207799"
1216,"0.713784"
1217,"0.666873"
1218,"0.593269"
1219,"0.743913"
1220,"0.934847"
1221,"0.701822"
1222,"0.382191"
1223,"0.504749"
1224,"0.275312"
1225,"0.547009"
1226,"0.663940"
1227,"0.669424"
1228,"0.137128"
1229,"0.850128"
1230,"0.330870"
1231,"0.525007"
1232,"0.176573"
1233,"0.300517"
1234,"0.489748"
1235,"0.0622251"
1236,"0.674571"
1237,"0.538107"
1238,"0.0937024"
1239,"0.966221"
1240,"0.195644"
1241,"0.778312"
1242,"0.565423"
1243,"0.190930"
1244,"0.887742"
1245,"0.855536"
1246,"0.884518"
1247,"0.543549"
1248,"0.795606"
1249,"0.548757"
1250,"0.771949"
1251,"0.728592"
1252,"0.734854"
1253,"0.468062"
1254,"0.739341"
1255,"0.118852"
1256,"0.662823"
1257,"0.427737"
1258,"0.421762"
1259,"0.444061"
1260,"0.778965"
1261,"0.890720"
1262,"0.562664"
1263,"0.255062"
1264,"0.883052"
1265,"0.247254"
1266,"0.0604033"
1267,"0.464962"
1268,"0.733835"
1269,"0.650257"
1270,"0.493906"
1271,"0.570243"
1272,"0.937755"
1273,"0.799727"
1274,"0.269814"
1275,"0.724485"
1276,"0.981219"
1277,"0.314262"
1278,"0.536468"
1279,"0.307991"
1280,"0.806774"
1281,"0.835360"
1282,"0.124686"
1283,"0.365162"
1284,"0.493642"
1285,"0.122121"
1286,"0.994423"
1287,"0.135551"
1288,"0.196304"
1289,"0.538055"
1290,"0.313478"
1291,"0.279782"
1292,"0.0692522"
1293,"0.663255"
1294,"0.591998"
1295,"0.232678"
1296,"0.213152"
1297,"0.504304"
1298,"0.345683"
1299,"0.0158693"
1300,"0.524869"
1301,"0.110979"
1302,"0.359876"
1303,"0.623490"
1304,"0.857993"
1305,"0.204492"
1306,"0.399055"
1307,"0.176523"
1308,"0.0260465"
1309,"0.132702"
1310,"0.387184"
1311,"0.934414"
1312,"0.651259"
1313,"0.687535"
1314,"0.00472737"
1315,"0.0552382"
1316,"0.542350"
1317,"0.848434"
1318,"0.832607"
1319,"0.785733"
1320,"0.260075"
1321,"0.186453"
1322,"0.0429516"
1323,"0.417432"
1324,"0.320670"
1325,"0.974463"
1326,"0.0239814"
1327,"0.760051"
1328,"0.161882"
1329,"0.493322"
1330,"0.0789202"
1331,"0.171259"
1332,"0.850284"
1333,"0.241601"
1334,"0.287259"
1335,"0.00364601"
1336,"0.247053"
1337,"0.0926967"
1338,"0.402721"
1339,"0.00283190"
1340,"0.146674"
1341,"0.850508"
1342,"0.861917"
1343,"0.545314"
1344,"0.0473205"
1345,"0.435071"
1346,"0.665089"
1347,"0.885077"
1348,"0.144932"
1349,"0.390207"
1350,"0.622182"
1351,"0.677859"
1352,"0.574010"
1353,"0.291923"
1354,"0.536952"
1355,"0.617619"
1356,"0.461290"
1357,"0.820326"
1358,"0.811275"
1359,"0.541176"
1360,"0.754752"
1361,"0.806047"
1362,"0.900365"
1363,"0.853740"
1364,"0.544897"
1365,"0.251326"
1366,"0.979305"
1367,"0.275809"
1368,"0.864770"
1369,"0.561738"
1370,"0.134590"
1371,"0.544920"
1372,"0.810879"
1373,"0.245990"
1374,"0.594234"
1375,"0.789561"
1376,"0.947472"
1377,"0.424470"
1378,"0.744296"
1379,"0.950177"
1380,"0.444164"
1381,"0.916328"
1382,"0.0716622"
1383,"0.269231"
1384,"0.169162"
1385,"0.956088"
1386,"0.273410"
1387,"0.0745747"
1388,"0.820794"
1389,"0.172646"
1390,"0.282323"
1391,"0.899586"
1392,"0.768139"
1393,"0.769638"
1394,"0.236067"
1395,"0.684733"
1396,"0.663473"
1397,"0.632733"
1398,"0.639897"
1399,"0.392266"
1400,"0.778996"
1401,"0.865080"
1402,"0.504013"
1403,"0.313596"
1404,"0.720389"
1405,"0.902164"
1406,"0.725404"
1407,"0.945546"
1408,"0.436202"
1409,"0.414342"
1410,"0.657553"
1411,"0.185573"
1412,"0.638801"
1413,"0.361400"
1414,"0.834389"
1415,"0.302352"
1416,"0.654640"
1417,"0.270886"
1418,"0.803838"
1419,"0.586645"
1420,"0.199498"
1421,"0.0278518"
1422,"0.834201"
1423,"0.908196"
1424,"0.854091"
1425,"0.320328"
1426,"0.320972"
1427,"0.575697"
1428,"0.418477"
1429,"0.294635"
1430,"0.885885"
1431,"0.369836"
1432,"0.221466"
1433,"0.425301"
1434,"0.348765"
1435,"0.941841"
1436,"0.722553"
1437,"0.492570"
1438,"0.140176"
1439,"0.593999"
1440,"0.671935"
1441,"0.207339"
1442,"0.183068"
1443,"0.805321"
1444,"0.699257"
1445,"0.702168"
1446,"0.406111"
1447,"0.267661"
1448,"0.847175"
1449,"0.455960"
1450,"0.205027"
1451,"0.135979"
1452,"0.888938"
1453,"0.270066"
1454,"0.321005"
1455,"0.254364"
1456,"0.431399"
1457,"0.990768"
1458,"0.768562"
1459,"0.756258"
1460,"0.149447"
1461,"0.0977688"
1462,"0.344965"
1463,"0.978746"
1464,"0.628707"
1465,"0.913460"
1466,"0.602253"
1467,"0.548324"
1468,"0.0589783"
1469,"0.152638"
1470,"0.673021"
1471,"0.388813"
1472,"0.786376"
1473,"0.153131"
1474,"0.439557"
1475,"0.827150"
1476,"0.367770"
1477,"0.485096"
1478,"0.743121"
1479,"0.148917"
1480,"0.629932"
1481,"0.552414"
1482,"0.987349"
1483,"0.757591"
1484,"0.956915"
1485,"0.445475"
1486,"0.999548"
1487,"0.0623199"
1488,"0.103955"
1489,"0.201536"
1490,"0.657317"
1491,"0.577112"
1492,"0.338941"
1493,"0.392169"
1494,"0.994475"
1495,"0.378828"
1496,"0.807354"
1497,"0.787704"
1498,"0.731889"
1499,"0.404946"
1500,"0.228777"
1501,"0.803196"
1502,"0.582799"
1503,"0.298270"
1504,"0.691677"
1505,"0.167623"
1506,"0.211575"
1507,"0.151421"
1508,"0.774016"
1509,"0.252880"
1510,"0.225051"
1511,"0.533870"
1512,"0.0368630"
1513,"0.667179"
1514,"0.125380"
1515,"0.643076"
1516,"0.901631"
1517,"0.446602"
1518,"0.562714"
1519,"0.119829"
1520,"0.00960190"
1521,"0.644453"
1522,"0.984072"
1523,"0.318955"
1524,"0.134101"
1525,"0.812929"
1526,"0.246538"
1527,"0.0299337"
1528,"0.461152"
1529,"0.0532401"
1530,"0.722423"
1531,"0.511728"
1532,"0.541147"
1533,"0.953027"
1534,"0.536661"
1535,"0.720998"
1536,"0.653758"
1537,"0.963217"
1538,"0.653095"
1539,"0.546724"
1540,"0.858551"
1541,"0.909578"
1542,"0.744832"
1543,"0.00286071"
1544,"0.122098"
1545,"0.385331"
1546,"0.756630"
1547,"0.669444"
1548,"0.215859"
1549,"0.960834"
1550,"0.729090"
1551,"0.0905240"
1552,"0.804796"
1553,"0.443321"
1554,"0.701437"
1555,"0.738961"
1556,"0.830974"
1557,"0.0823880"
1558,"0.906527"
1559,"0.203803"
1560,"0.658832"
1561,"0.620743"
1562,"0.582569"
1563,"0.354631"
1564,"0.255119"
1565,"0.599977"
1566,"0.387075"
1567,"0.312160"
1568,"0.230526"
1569,"0.911120"
1570,"0.0143205"
1571,"0.454877"
1572,"0.272390"
1573,"0.118518"
1574,"0.338263"
1575,"0.700107"
1576,"0.298139"
1577,"0.359990"
1578,"0.282156"
1579,"0.855529"
1580,"0.347130"
1581,"0.161577"
1582,"0.190147"
1583,"0.504241"
1584,"0.0750722"
1585,"0.172771"
1586,"0.728709"
1587,"0.599035"
1588,"0.334991"
1589,"0.377905"
1590,"0.313874"
1591,"0.219098"
1592,"0.709174"
1593,"0.0792485"
1594,"0.195320"
1595,"0.899900"
1596,"0.633650"
1597,"0.334061"
1598,"0.870764"
1599,"0.949095"
1600,"0.193994"
1601,"0.613719"
1602,"0.294143"
1603,"0.406161"
1604,"0.677455"
1605,"0.554198"
1606,"0.410543"
1607,"0.156189"
1608,"0.0854546"
1609,"0.0909984"
1610,"0.263938"
1611,"0.601744"
1612,"0.507202"
1613,"0.180891"
1614,"0.243097"
1615,"0.0560503"
1616,"0.869976"
1617,"0.233859"
1618,"0.942158"
1619,"0.716576"
1620,"0.875266"
1621,"0.113237"
1622,"0.905553"
1623,"0.620283"
1624,"0.762297"
1625,"0.245233"
1626,"0.585716"
1627,"0.532345"
1628,"0.942630"
1629,"0.931899"
1630,"0.911158"
1631,"0.248955"
1632,"0.889723"
1633,"0.346780"
1634,"0.689443"
1635,"0.488979"
1636,"0.320187"
1637,"0.861012"
1638,"0.652849"
1639,"0.362089"
1640,"0.0229477"
1641,"0.519605"
1642,"0.964241"
1643,"0.510932"
1644,"0.00930602"
1645,"0.328251"
1646,"0.479782"
1647,"0.213440"
1648,"0.706771"
1649,"0.911331"
1650,"0.217302"
1651,"0.674553"
1652,"0.954260"
1653,"0.172783"
1654,"0.0417479"
1655,"0.532203"
1656,"0.726057"
1657,"0.991248"
1658,"0.798469"
1659,"0.546214"
1660,"0.290754"
1661,"0.340900"
1662,"0.183575"
1663,"0.446217"
1664,"0.699452"
1665,"0.511750"
1666,"0.101110"
1667,"0.629068"
1668,"0.604569"
1669,"0.165645"
1670,"0.973098"
1671,"0.0880080"
1672,"0.724769"
1673,"0.873744"
1674,"0.777500"
1675,"0.657797"
1676,"0.753730"
1677,"0.165783"
1678,"0.942775"
1679,"0.336518"
1680,"0.564300"
1681,"0.515757"
1682,"0.975078"
1683,"0.112348"
1684,"0.891458"
1685,"0.472265"
1686,"0.216657"
1687,"0.722536"
1688,"0.769053"
1689,"0.997188"
1690,"0.590756"
1691,"0.385948"
1692,"0.932800"
1693,"0.950308"
1694,"0.222638"
1695,"0.834616"
1696,"0.187938"
1697,"0.0840974"
1698,"0.576301"
1699,"0.0431263"
1700,"0.379700"
1701,"0.751200"
1702,"0.687239"
1703,"0.438250"
1704,"0.935927"
1705,"0.728759"
1706,"0.00441012"
1707,"0.534250"
1708,"0.932968"
1709,"0.737185"
1710,"0.816234"
1711,"0.0407500"
1712,"0.0247108"
1713,"0.396100"
1714,"0.486087"
1715,"0.671118"
1716,"0.239479"
1717,"0.881623"
1718,"0.696766"
1719,"0.623865"
1720,"0.305273"
1721,"0.0479332"
1722,"0.623183"
1723,"0.0459065"
1724,"0.878880"
1725,"0.566491"
1726,"0.216302"
1727,"0.707424"
1728,"0.895479"
1729,"0.384530"
1730,"0.751428"
1731,"0.0247508"
1732,"0.460930"
1733,"0.176055"
1734,"0.532044"
1735,"0.284520"
1736,"0.135000"
1737,"0.482789"
1738,"0.203245"
1739,"0.00558809"
1740,"0.139087"
1741,"0.000796778"
1742,"0.457960"
1743,"0.810758"
1744,"0.294868"
1745,"0.0414738"
1746,"0.0341819"
1747,"0.586521"
1748,"0.283216"
1749,"0.0241498"
1750,"0.750449"
1751,"0.269215"
1752,"0.546003"
1753,"0.125680"
1754,"0.907763"
1755,"0.303899"
1756,"0.376218"
1757,"0.371661"
1758,"0.445587"
1759,"0.290467"
1760,"0.854126"
1761,"0.216063"
1762,"0.220966"
1763,"0.414708"
1764,"0.594678"
1765,"0.305245"
1766,"0.813625"
1767,"0.724058"
1768,"0.132825"
1769,"0.264627"
1770,"0.0169247"
1771,"0.111971"
1772,"0.749644"
1773,"0.984476"
1774,"0.663419"
1775,"0.214939"
1776,"0.0295528"
1777,"0.350673"
1778,"0.874157"
1779,"0.676267"
1780,"0.0904599"
1781,"0.571443"
1782,"0.629265"
1783,"0.370660"
1784,"0.175010"
1785,"0.772404"
1786,"0.338909"
1787,"0.982160"
1788,"0.397841"
1789,"0.932707"
1790,"0.253851"
1791,"0.406130"
1792,"0.155527"
1793,"0.180460"
1794,"0.0980903"
1795,"0.602056"
1796,"0.481317"
1797,"0.453584"
1798,"0.526816"
1799,"0.181611"
1800,"0.428330"
1801,"0.230795"
1802,"0.441953"
1803,"0.657382"
1804,"0.995057"
1805,"0.143851"
1806,"0.544509"
1807,"0.741192"
1808,"0.208363"
1809,"0.909046"
1810,"0.221965"
1811,"0.778755"
1812,"0.714997"
1813,"0.335348"
1814,"0.0902042"
1815,"0.605834"
1816,"0.573150"
1817,"0.540914"
1818,"0.670200"
1819,"0.207951"
1820,"0.271232"
1821,"0.565742"
1822,"0.578216"
1823,"0.951399"
1824,"0.704133"
1825,"0.629328"
1826,"0.650502"
1827,"0.773881"
1828,"0.456348"
1829,"0.918142"
1830,"0.536736"
1831,"0.783121"
1832,"0.410061"
1833,"0.149360"
1834,"0.304229"
1835,"0.964110"
1836,"0.882407"
1837,"0.339436"
1838,"0.847574"
1839,"0.991127"
1840,"0.909236"
1841,"0.143655"
1842,"0.275679"
1843,"0.814641"
1844,"0.245279"
1845,"0.964828"
1846,"0.104018"
1847,"0.00695457"
1848,"0.361386"
1849,"0.0469958"
1850,"0.623090"
1851,"0.701803"
1852,"0.787568"
1853,"0.495627"
1854,"0.713427"
1855,"0.802396"
1856,"0.951755"
1857,"0.643661"
1858,"0.792689"
1859,"0.907169"
1860,"0.0833133"
1861,"0.845155"
1862,"0.442335"
1863,"0.601406"
1864,"0.984688"
1865,"0.714808"
1866,"0.748529"
1867,"0.118992"
1868,"0.0522724"
1869,"0.293980"
1870,"0.116829"
1871,"0.956668"
1872,"0.996276"
1873,"0.837787"
1874,"0.502937"
1875,"0.244158"
1876,"0.973212"
1877,"0.630146"
1878,"0.796364"
1879,"0.639409"
1880,"0.695682"
1881,"0.384566"
1882,"0.577576"
1883,"0.618686"
1884,"0.546822"
1885,"0.0208896"
1886,"0.248440"
1887,"0.587085"
1888,"0.294159"
1889,"0.612408"
1890,"0.0459078"
1891,"0.425513"
1892,"0.129962"
1893,"0.523762"
1894,"0.437678"
1895,"0.100357"
1896,"0.350426"
1897,"0.684720"
1898,"0.734633"
1899,"0.591694"
1900,"0.603846"
1901,"0.813280"
1902,"0.998044"
1903,"0.400749"
1904,"0.000285343"
1905,"0.249254"
1906,"0.384075"
1907,"0.825511"
1908,"0.422998"
1909,"0.0351499"
1910,"0.891831"
1911,"0.527198"
1912,"0.959795"
1913,"0.688460"
1914,"0.646706"
1915,"0.201250"
1916,"0.985250"
1917,"0.214120"
1918,"0.790783"
1919,"0.785356"
1920,"0.525716"
1921,"0.888086"
1922,"0.397100"
1923,"0.734866"
1924,"0.926510"
1925,"0.920349"
1926,"0.181409"
1927,"0.0767484"
1928,"0.983977"
1929,"0.448168"
1930,"0.503367"
1931,"0.302576"
1932,"0.597204"
1933,"0.170836"
1934,"0.550043"
1935,"0.239324"
1936,"0.778870"
1937,"0.362920"
1938,"0.991214"
1939,"0.790576"
1940,"0.476812"
1941,"0.0293773"
1942,"0.668075"
1943,"0.201341"
1944,"0.663331"
1945,"0.854538"
1946,"0.402920"
1947,"0.0591912"
1948,"0.555062"
1949,"0.431589"
1950,"0.212124"
1951,"0.0893907"
1952,"0.560405"
1953,"0.680360"
1954,"0.0888842"
1955,"0.0345808"
1956,"0.282358"
1957,"0.871195"
1958,"0.721883"
1959,"0.199120"
1960,"0.525157"
1961,"0.674869"
1962,"0.752809"
1963,"0.0899448"
1964,"0.969606"
1965,"0.698789"
1966,"0.360737"
1967,"0.407800"
1968,"0.949498"
1969,"0.745884"
1970,"0.531748"
1971,"0.605726"
1972,"0.517340"
1973,"0.381449"
1974,"0.789271"
1975,"0.766910"
1976,"0.110818"
1977,"0.301030"
1978,"0.936123"
1979,"0.146750"
1980,"0.132768"
1981,"0.771031"
1982,"0.891521"
1983,"0.168845"
1984,"0.251109"
1985,"0.136151"
1986,"0.520965"
1987,"0.938742"
1988,"0.756801"
1989,"0.0363087"
1990,"0.804807"
1991,"0.445598"
1992,"0.652547"
1993,"0.790791"
1994,"0.296600"
1995,"0.281409"
1996,"0.885047"
1997,"0.362488"
1998,"0.741307"
1999,"0.454863"
2000,"0.478195"
2001,"0.0498373"
2002,"0.417925"
2003,"0.918093"
2004,"0.761065"
2005,"0.177403"
2006,"0.320768"
2007,"0.0587705"
2008,"0.597672"
2009,"0.0335982"
2010,"0.721485"
2011,"0.129554"
2012,"0.859100"
2013,"0.484571"
2014,"0.0601072"
2015,"0.839368"
2016,"0.670412"
2017,"0.740728"
2018,"0.623394"
2019,"0.0393036"
2020,"0.512131"
2021,"0.682270"
2022,"0.0115523"
2023,"0.291755"
2024,"0.0404328"
2025,"0.887787"
2026,"0.292253"
2027,"0.176112"
2028,"0.850651"
2029,"0.826189"
2030,"0.392262"
2031,"0.653374"
2032,"0.104393"
2033,"0.763716"
2034,"0.753243"
2035,"0.545174"
2036,"0.820267"
2037,"0.617202"
2038,"0.912568"
2039,"0.833833"
2040,"0.686710"
2041,"0.381200"
2042,"0.178153"
2043,"0.925720"
2044,"0.645232"
2045,"0.890502"
2046,"0.0213091"
2047,"0.361085"
2048,"0.463651"
2049,"0.403629"
2050,"0.310795"
2051,"0.199116"
2052,"0.399001"
2053,"0.452159"
2054,"0.730696"
2055,"0.931084"
2056,"0.393593"
2057,"0.795173"
2058,"0.209680"
2059,"0.924498"
2060,"0.942379"
2061,"0.852858"
2062,"0.819677"
2063,"0.621166"
2064,"0.925883"
2065,"0.460770"
2066,"0.522502"
2067,"0.369606"
2068,"0.126390"
2069,"0.846651"
2070,"0.492425"
2071,"0.539490"
2072,"0.423018"
2073,"0.960124"
2074,"0.708220"
2075,"0.308464"
2076,"0.570497"
2077,"0.0625501"
2078,"0.172124"
2079,"0.625787"
2080,"0.201472"
2081,"0.206656"
2082,"0.117403"
2083,"0.992232"
2084,"0.815637"
2085,"0.917139"
2086,"0.648385"
2087,"0.0638447"
2088,"0.0485523"
2089,"0.475418"
2090,"0.671571"
2091,"0.150261"
2092,"0.918071"
2093,"0.524135"
2094,"0.976103"
2095,"0.147546"
2096,"0.0466663"
2097,"0.431876"
2098,"0.909379"
2099,"0.592294"
2100,"0.133717"
2101,"0.728049"
2102,"0.111590"
2103,"0.951983"
2104,"0.790276"
2105,"0.953389"
2106,"0.138524"
2107,"0.101311"
2108,"0.437496"
2109,"0.283764"
2110,"0.988376"
2111,"0.882753"
2112,"0.0520857"
2113,"0.993745"
2114,"0.910481"
2115,"0.259946"
2116,"0.751114"
2117,"0.275226"
2118,"0.734599"
2119,"0.635617"
2120,"0.318528"
2121,"0.732011"
2122,"0.0678335"
2123,"0.0481830"
2124,"0.968813"
2125,"0.581355"
2126,"0.828069"
2127,"0.459034"
2128,"0.960454"
2129,"0.237682"
2130,"0.189087"
2131,"0.584806"
2132,"0.303703"
2133,"0.117162"
2134,"0.269347"
2135,"0.386214"
2136,"0.345934"
2137,"0.965591"
2138,"0.553474"
2139,"0.461115"
2140,"0.244275"
2141,"0.207351"
2142,"0.180890"
2143,"0.989177"
2144,"0.154348"
2145,"0.226617"
2146,"0.818995"
2147,"0.740975"
2148,"0.252946"
2149,"0.225417"
2150,"0.542848"
2151,"0.852134"
2152,"0.0461900"
2153,"0.442584"
2154,"0.222410"
2155,"0.196397"
2156,"0.150559"
2157,"0.237328"
2158,"0.392427"
2159,"0.0789144"
2160,"0.460946"
2161,"0.212036"
2162,"0.865953"
2163,"0.0753761"
2164,"0.939365"
2165,"0.552732"
2166,"0.207442"
2167,"0.344129"
2168,"0.273152"
2169,"0.302323"
2170,"0.529850"
2171,"0.0925415"
2172,"0.903323"
2173,"0.608063"
2174,"0.829649"
2175,"0.463387"
2176,"0.710024"
2177,"0.670114"
2178,"0.134173"
2179,"0.274324"
2180,"0.848904"
2181,"0.0833747"
2182,"0.960868"
2183,"0.790528"
2184,"0.103973"
2185,"0.114153"
2186,"0.341451"
2187,"0.266687"
2188,"0.837307"
2189,"0.265140"
2190,"0.436592"
2191,"0.107224"
2192,"0.100836"
2193,"0.687156"
2194,"0.354320"
2195,"0.0504070"
2196,"0.625986"
2197,"0.418156"
2198,"0.537493"
2199,"0.0769293"
2200,"0.422692"
2201,"0.0726366"
2202,"0.445813"
2203,"0.106112"
2204,"0.0329314"
2205,"0.276719"
2206,"0.475380"
2207,"0.365310"
2208,"0.264700"
2209,"0.420146"
2210,"0.198741"
2211,"0.895970"
2212,"0.259272"
2213,"0.124593"
2214,"0.157077"
2215,"0.342935"
2216,"0.815283"
2217,"0.0601336"
2218,"0.343157"
2219,"0.860182"
2220,"0.962691"
2221,"0.0321411"
2222,"0.203181"
2223,"0.787869"
2224,"0.732131"
2225,"0.724199"
2226,"0.566954"
2227,"0.187133"
2228,"0.703842"
2229,"0.250264"
2230,"0.102686"
2231,"0.414568"
2232,"0.703755"
2233,"0.734663"
2234,"0.995539"
2235,"0.574887"
2236,"0.959968"
2237,"0.106922"
2238,"0.907531"
2239,"0.278786"
2240,"0.0199753"
2241,"0.518119"
2242,"0.847955"
2243,"0.369813"
2244,"0.734390"
2245,"0.00780933"
2246,"0.857182"
2247,"0.107550"
2248,"0.268132"
2249,"0.557909"
2250,"0.137572"
2251,"0.603297"
2252,"0.920717"
2253,"0.0646891"
2254,"0.905168"
2255,"0.219295"
2256,"0.949492"
2257,"0.846131"
2258,"0.849066"
2259,"0.745940"
2260,"0.826332"
2261,"0.111617"
2262,"0.638305"
2263,"0.296911"
2264,"0.971774"
2265,"0.0258506"
2266,"0.192038"
2267,"0.656439"
2268,"0.766882"
2269,"0.0956455"
2270,"0.173824"
2271,"0.676239"
2272,"0.0920252"
2273,"0.467225"
2274,"0.852927"
2275,"0.641477"
2276,"0.0757980"
2277,"0.656467"
2278,"0.642354"
2279,"0.431042"
2280,"0.926718"
2281,"0.249014"
2282,"0.977804"
2283,"0.393061"
2284,"0.569369"
2285,"0.433568"
2286,"0.651605"
2287,"0.739965"
2288,"0.332586"
2289,"0.931367"
2290,"0.156713"
2291,"0.429955"
2292,"0.233195"
2293,"0.392309"
2294,"0.461649"
2295,"0.314672"
2296,"0.355746"
2297,"0.0144963"
2298,"0.102163"
2299,"0.436795"
2300,"0.557211"
2301,"0.742824"
2302,"0.202128"
2303,"0.346934"
2304,"0.201639"
2305,"0.940512"
2306,"0.819698"
2307,"0.924999"
2308,"0.140098"
2309,"0.409394"
2310,"0.912489"
2311,"0.857966"
2312,"0.911857"
2313,"0.976578"
2314,"0.418289"
2315,"0.301768"
2316,"0.338704"
2317,"0.609431"
2318,"0.0180229"
2319,"0.820219"
2320,"0.971646"
2321,"0.337420"
2322,"0.682508"
2323,"0.0463761"
2324,"0.0767019"
2325,"0.971501"
2326,"0.438431"
2327,"0.745673"
2328,"0.0610269"
2329,"0.441708"
2330,"0.609127"
2331,"0.563888"
2332,"0.959819"
2333,"0.603895"
2334,"0.390299"
2335,"0.942057"
2336,"0.685243"
2337,"0.0192728"
2338,"0.458796"
2339,"0.343436"
2340,"0.796489"
2341,"0.388279"
2342,"0.198132"
2343,"0.352691"
2344,"0.229602"
2345,"0.262720"
2346,"0.0373284"
2347,"0.777758"
2348,"0.318109"
2349,"0.409306"
2350,"0.639440"
2351,"0.491567"
2352,"0.172769"
2353,"0.327375"
2354,"0.436950"
2355,"0.944549"
2356,"0.553579"
2357,"0.400500"
2358,"0.298037"
2359,"0.844616"
2360,"0.466957"
2361,"0.0996439"
2362,"0.445118"
2363,"0.822319"
2364,"0.406729"
2365,"0.923801"
2366,"0.716976"
2367,"0.528440"
2368,"0.178738"
2369,"0.0610083"
2370,"0.226296"
2371,"0.376217"
2372,"0.134570"
2373,"0.0778095"
2374,"0.144564"
2375,"0.724535"
2376,"0.975323"
2377,"0.431683"
2378,"0.953116"
2379,"0.899194"
2380,"0.105621"
2381,"0.297899"
2382,"0.874654"
2383,"0.975374"
2384,"0.744199"
2385,"0.397113"
2386,"0.816145"
2387,"0.680159"
2388,"0.440122"
2389,"0.804726"
2390,"0.0813086"
2391,"0.942760"
2392,"0.430233"
2393,"0.679408"
2394,"0.939050"
2395,"0.679825"
2396,"0.0780044"
2397,"0.754949"
2398,"0.881781"
2399,"0.912319"
2400,"0.412431"
2401,"0.0743069"
2402,"0.598467"
2403,"0.211618"
2404,"0.406350"
2405,"0.328362"
2406,"0.850148"
2407,"0.895123"
2408,"0.886640"
2409,"0.592179"
2410,"0.422790"
2411,"0.432267"
2412,"0.864090"
2413,"0.379924"
2414,"0.375070"
2415,"0.227259"
2416,"0.000562115"
2417,"0.319830"
2418,"0.656155"
2419,"0.843895"
2420,"0.123528"
2421,"0.582868"
2422,"0.588498"
2423,"0.0656880"
2424,"0.619048"
2425,"0.732215"
2426,"0.997518"
2427,"0.508858"
2428,"0.482228"
2429,"0.431313"
2430,"0.264358"
2431,"0.288593"
2432,"0.520117"
2433,"0.0384926"
2434,"0.511093"
2435,"0.837530"
2436,"0.763665"
2437,"0.795903"
2438,"0.244455"
2439,"0.481737"
2440,"0.782036"
2441,"0.106465"
2442,"0.236613"
2443,"0.247080"
2444,"0.0372425"
2445,"0.722354"
2446,"0.879714"
2447,"0.835864"
2448,"0.281952"
2449,"0.229877"
2450,"0.930626"
2451,"0.166152"
2452,"0.394595"
2453,"0.384348"
2454,"0.465844"
2455,"0.425717"
2456,"0.239549"
2457,"0.659217"
2458,"0.213415"
2459,"0.412025"
2460,"0.122625"
2461,"0.669823"
2462,"0.0928660"
2463,"0.410256"
2464,"0.164647"
2465,"0.0522625"
2466,"0.796983"
2467,"0.637705"
2468,"0.273967"
2469,"0.650197"
2470,"0.982961"
2471,"0.538476"
2472,"0.996391"
2473,"0.567827"
2474,"0.220251"
2475,"0.175316"
2476,"0.612565"
2477,"0.209162"
2478,"0.150057"
2479,"0.0959792"
2480,"0.407821"
2481,"0.826324"
2482,"0.315675"
2483,"0.111061"
2484,"0.391471"
2485,"0.250236"
2486,"0.385690"
2487,"0.153185"
2488,"0.400521"
2489,"0.341773"
2490,"0.0706394"
2491,"0.380904"
2492,"0.370424"
2493,"0.149413"
2494,"0.574187"
2495,"0.931490"
2496,"0.530892"
2497,"0.593291"
2498,"0.708899"
2499,"0.310633"
2500,"0.0753498"
2501,"0.182623"
2502,"0.250284"
2503,"0.0959256"
2504,"0.0246135"
2505,"0.114656"
2506,"0.322212"
2507,"0.250490"
2508,"0.419332"
2509,"0.587242"
2510,"0.938793"
2511,"0.270518"
2512,"0.0751222"
2513,"0.697023"
2514,"0.135883"
2515,"0.469660"
2516,"0.777161"
2517,"0.354094"
2518,"0.726343"
2519,"0.845134"
2520,"0.100149"
2521,"0.124371"
2522,"0.375094"
2523,"0.380571"
2524,"0.630891"
2525,"0.645999"
2526,"0.665221"
2527,"0.996286"
2528,"0.518871"
2529,"0.725540"
2530,"0.368949"
2531,"0.813285"
2532,"0.413099"
2533,"0.664209"
2534,"0.976865"
2535,"0.804750"
2536,"0.0822113"
2537,"0.514283"
2538,"0.263304"
2539,"0.139123"
2540,"0.920432"
2541,"0.392780"
2542,"0.0985333"
2543,"0.664845"
2544,"0.445595"
2545,"0.176361"
2546,"0.219562"
2547,"0.269441"
2548,"0.516765"
2549,"0.203371"
2550,"0.715435"
2551,"0.0852085"
2552,"0.524452"
2553,"0.388741"
2554,"0.469855"
2555,"0.264523"
2556,"0.912316"
2557,"0.309861"
2558,"0.758714"
2559,"0.879753"
2560,"0.539413"
2561,"0.355378"
2562,"0.162817"
2563,"0.0324499"
2564,"0.368521"
2565,"0.331582"
2566,"0.725487"
2567,"0.199389"
2568,"0.968187"
2569,"0.965898"
2570,"0.656454"
2571,"0.854703"
2572,"0.274986"
2573,"0.263094"
2574,"0.377591"
2575,"0.0703956"
2576,"0.786152"
2577,"0.312514"
2578,"0.397474"
2579,"0.587188"
2580,"0.245000"
2581,"0.130054"
2582,"0.263356"
2583,"0.210990"
2584,"0.0811272"
2585,"0.891540"
2586,"0.503825"
2587,"0.0977302"
2588,"0.472962"
2589,"0.206788"
2590,"0.798768"
2591,"0.370478"
2592,"0.289886"
2593,"0.950921"
2594,"0.215758"
2595,"0.955328"
2596,"0.556370"
2597,"0.793003"
2598,"0.0992089"
2599,"0.633228"
2600,"0.371360"
2601,"0.688277"
2602,"0.593415"
2603,"0.634333"
2604,"0.278574"
2605,"0.345027"
2606,"0.468594"
2607,"0.380645"
2608,"0.982012"
2609,"0.477372"
2610,"0.992657"
2611,"0.823902"
2612,"0.701513"
2613,"0.827050"
2614,"0.358174"
2615,"0.502569"
2616,"0.895315"
2617,"0.892159"
2618,"0.273082"
2619,"0.420090"
2620,"0.0923482"
2621,"0.728568"
2622,"0.223423"
2623,"0.380721"
2624,"0.426355"
2625,"0.293244"
2626,"0.214886"
2627,"0.100924"
2628,"0.241350"
2629,"0.926437"
2630,"0.792419"
2631,"0.796820"
2632,"0.461497"
2633,"0.140394"
2634,"0.908545"
2635,"0.699972"
2636,"0.218269"
2637,"0.0287084"
2638,"0.107076"
2639,"0.485200"
2640,"0.0393541"
2641,"0.303578"
2642,"0.270280"
2643,"0.554590"
2644,"0.210217"
2645,"0.754212"
2646,"0.478695"
2647,"0.997057"
2648,"0.127821"
2649,"0.814320"
2650,"0.967487"
2651,"0.256716"
2652,"0.247942"
2653,"0.572375"
2654,"0.986180"
2655,"0.621261"
2656,"0.0870329"
2657,"0.0520513"
2658,"0.937711"
2659,"0.420507"
2660,"0.557955"
2661,"0.0230920"
2662,"0.449749"
2663,"0.143971"
2664,"0.959030"
2665,"0.192335"
2666,"0.986428"
2667,"0.702391"
2668,"0.944720"
2669,"0.114757"
2670,"0.293398"
2671,"0.338479"
2672,"0.312779"
2673,"0.260384"
2674,"0.533478"
2675,"0.0518502"
2676,"0.885450"
2677,"0.165742"
2678,"0.409843"
2679,"0.152706"
2680,"0.620411"
2681,"0.377923"
2682,"0.897606"
2683,"0.445433"
2684,"0.813939"
2685,"0.353337"
2686,"0.854700"
2687,"0.198041"
2688,"0.159189"
2689,"0.341929"
2690,"0.611940"
2691,"0.629039"
2692,"0.281258"
2693,"0.980925"
2694,"0.826120"
2695,"0.593268"
2696,"0.729884"
2697,"0.742314"
2698,"0.818728"
2699,"0.893705"
2700,"0.545901"
2701,"0.352604"
2702,"0.849398"
2703,"0.889756"
2704,"0.400055"
2705,"0.165347"
2706,"0.968880"
2707,"0.797500"
2708,"0.165630"
2709,"0.0345343"
2710,"0.608467"
2711,"0.578371"
2712,"0.791155"
2713,"0.990332"
2714,"0.992377"
2715,"0.351059"
2716,"0.786355"
2717,"0.649980"
2718,"0.167474"
2719,"0.0399602"
2720,"0.346611"
2721,"0.165562"
2722,"0.234806"
2723,"0.112006"
2724,"0.00334413"
2725,"0.497778"
2726,"0.419594"
2727,"0.185389"
2728,"0.281010"
2729,"0.661492"
2730,"0.709437"
2731,"0.901375"
2732,"0.365658"
2733,"0.825747"
2734,"0.394816"
2735,"0.153247"
2736,"0.632296"
2737,"0.539766"
2738,"0.721056"
2739,"0.764452"
2740,"0.644638"
2741,"0.656749"
2742,"0.682913"
2743,"0.173682"
2744,"0.0690104"
2745,"0.625325"
2746,"0.364462"
2747,"0.143405"
2748,"0.920729"
2749,"0.986893"
2750,"0.703517"
2751,"0.764703"
2752,"0.799617"
2753,"0.671574"
2754,"0.0846380"
2755,"0.338623"
2756,"0.948965"
2757,"0.392750"
2758,"0.533472"
2759,"0.566445"
2760,"0.937910"
2761,"0.108536"
2762,"0.735447"
2763,"0.302758"
2764,"0.729592"
2765,"0.125309"
2766,"0.259163"
2767,"0.877306"
2768,"0.0678797"
2769,"0.278659"
2770,"0.716502"
2771,"0.387224"
2772,"0.306934"
2773,"0.100191"
2774,"0.0645201"
2775,"0.934973"
2776,"0.132218"
2777,"0.542175"
2778,"0.802170"
2779,"0.125943"
2780,"0.370892"
2781,"0.972785"
2782,"0.491866"
2783,"0.150100"
2784,"0.246442"
2785,"0.691628"
2786,"0.510007"
2787,"0.655635"
2788,"0.914388"
2789,"0.364039"
2790,"0.927533"
2791,"0.890057"
2792,"0.935431"
2793,"0.451821"
2794,"0.241075"
2795,"0.394840"
2796,"0.438752"
2797,"0.281016"
2798,"0.143627"
2799,"0.279775"
2800,"0.00831713"
2801,"0.489472"
2802,"0.978376"
2803,"0.287407"
2804,"0.0787966"
2805,"0.569407"
2806,"0.818487"
2807,"0.0560431"
2808,"0.328964"
2809,"0.961852"
2810,"0.844814"
2811,"0.0913680"
2812,"0.986230"
2813,"0.817425"
2814,"0.426409"
2815,"0.691798"
2816,"0.145765"
2817,"0.154204"
2818,"0.358556"
2819,"0.431649"
2820,"0.214701"
2821,"0.556480"
2822,"0.909079"
2823,"0.340003"
2824,"0.588957"
2825,"0.810289"
2826,"0.343206"
2827,"0.838200"
2828,"0.450022"
2829,"0.966207"
2830,"0.124430"
2831,"0.582869"
2832,"0.0799314"
2833,"0.819939"
2834,"0.716783"
2835,"0.0474008"
2836,"0.647090"
2837,"0.957045"
2838,"0.455810"
2839,"0.715936"
2840,"0.867751"
2841,"0.295017"
2842,"0.669027"
2843,"0.983979"
2844,"0.317040"
2845,"0.943026"
2846,"0.574887"
2847,"0.961395"
2848,"0.00896914"
2849,"0.0555286"
2850,"0.727478"
2851,"0.738629"
2852,"0.743901"
2853,"0.791957"
2854,"0.162076"
2855,"0.691493"
2856,"0.606247"
2857,"0.301138"
2858,"0.972391"
2859,"0.467815"
2860,"0.727741"
2861,"0.385236"
2862,"0.0677180"
2863,"0.646689"
2864,"0.389699"
2865,"0.720240"
2866,"0.835700"
2867,"0.695935"
2868,"0.607130"
2869,"0.796084"
2870,"0.398734"
2871,"0.364312"
2872,"0.432289"
2873,"0.772076"
2874,"0.634497"
2875,"0.0310665"
2876,"0.370765"
2877,"0.563516"
2878,"0.0328449"
2879,"0.752673"
2880,"0.0326088"
2881,"0.496515"
2882,"0.637611"
2883,"0.313868"
2884,"0.858338"
2885,"0.933368"
2886,"0.842429"
2887,"0.823342"
2888,"0.698727"
2889,"0.581589"
2890,"0.814228"
2891,"0.267632"
2892,"0.151780"
2893,"0.586646"
2894,"0.846655"
2895,"0.378445"
2896,"0.279909"
2897,"0.623511"
2898,"0.698922"
2899,"0.489394"
2900,"0.686709"
2901,"0.271492"
2902,"0.828265"
2903,"0.378048"
2904,"0.566362"
2905,"0.526279"
2906,"0.744735"
2907,"0.549929"
2908,"0.836061"
2909,"0.355922"
2910,"0.252437"
2911,"0.209122"
2912,"0.598538"
2913,"0.284747"
2914,"0.767905"
2915,"0.203034"
2916,"0.309252"
2917,"0.803696"
2918,"0.615682"
2919,"0.301989"
2920,"0.309962"
2921,"0.520567"
2922,"0.633967"
2923,"0.210213"
2924,"0.730074"
2925,"0.595170"
2926,"0.733918"
2927,"0.564543"
2928,"0.0733856"
2929,"0.318859"
2930,"0.373260"
2931,"0.304707"
2932,"0.980355"
2933,"0.342841"
2934,"0.295325"
2935,"0.995174"
2936,"0.481493"
2937,"0.805635"
2938,"0.0635811"
2939,"0.745211"
2940,"0.432914"
2941,"0.342420"
2942,"0.0133173"
2943,"0.343009"
2944,"0.796915"
2945,"0.814242"
2946,"0.541566"
2947,"0.580232"
2948,"0.325199"
2949,"0.375499"
2950,"0.496932"
2951,"0.277743"
2952,"0.138317"
2953,"0.0311980"
2954,"0.997532"
2955,"0.0358075"
2956,"0.753094"
2957,"0.899868"
2958,"0.904839"
2959,"0.488197"
2960,"0.971016"
2961,"0.577718"
2962,"0.230585"
2963,"0.750305"
2964,"0.988453"
2965,"0.499014"
2966,"0.209128"
2967,"0.431961"
2968,"0.941939"
2969,"0.629056"
2970,"0.260191"
2971,"0.576612"
2972,"0.868850"
2973,"0.823526"
2974,"0.0816472"
2975,"0.392947"
2976,"0.362949"
2977,"0.0671439"
2978,"0.464017"
2979,"0.0987234"
2980,"0.0570813"
2981,"0.0100119"
2982,"0.301141"
2983,"0.602003"
2984,"0.960454"
2985,"0.511927"
2986,"0.552353"
2987,"0.340461"
2988,"0.718918"
2989,"0.0477016"
2990,"0.268880"
2991,"0.888778"
2992,"0.743874"
2993,"0.536063"
2994,"0.137351"
2995,"0.829298"
2996,"0.0351980"
2997,"0.553008"
2998,"0.436615"
2999,"0.609290"
3000,"0.297902"
3001,"0.745980"
3002,"0.880069"
3003,"0.473093"
3004,"0.422272"
3005,"0.449756"
3006,"0.00215649"
3007,"0.277962"
3008,"0.337554"
3009,"0.536852"
3010,"0.548533"
3011,"0.688183"
3012,"0.584711"
3013,"0.312003"
3014,"0.342825"
3015,"0.807159"
3016,"0.521510"
3017,"0.854005"
3018,"0.0325250"
3019,"0.541268"
3020,"0.930382"
3021,"0.657317"
3022,"0.0384846"
3023,"0.127033"
3024,"0.688435"
3025,"0.292370"
3026,"0.384897"
3027,"0.384338"
3028,"0.491113"
3029,"0.556390"
3030,"0.0494910"
3031,"0.392383"
3032,"0.145846"
3033,"0.566677"
3034,"0.454733"
3035,"0.995330"
3036,"0.0263148"
3037,"0.473535"
3038,"0.364770"
3039,"0.543723"
3040,"0.0786120"
3041,"0.186231"
3042,"0.576887"
3043,"0.864113"
3044,"0.805144"
3045,"0.511885"
3046,"0.960610"
3047,"0.227034"
3048,"0.996604"
3049,"0.247217"
3050,"0.310064"
3051,"0.187422"
3052,"0.300156"
3053,"0.496137"
3054,"0.522742"
3055,"0.853254"
3056,"0.129303"
3057,"0.375788"
3058,"0.302754"
3059,"0.145141"
3060,"0.833567"
3061,"0.264804"
3062,"0.615188"
3063,"0.897174"
3064,"0.515033"
3065,"0.954523"
3066,"0.577644"
3067,"0.999180"
3068,"0.294243"
3069,"0.957333"
3070,"0.0672724"
3071,"0.277408"
3072,"0.106032"
3073,"0.169929"
3074,"0.802199"
3075,"0.709080"
3076,"0.609460"
3077,"0.823079"
3078,"0.246996"
3079,"0.773809"
3080,"0.793505"
3081,"0.126177"
3082,"0.995195"
3083,"0.0789965"
3084,"0.340167"
3085,"0.355371"
3086,"0.582759"
3087,"0.345574"
3088,"0.224157"
3089,"0.926417"
3090,"0.166124"
3091,"0.178955"
3092,"0.881135"
3093,"0.228790"
3094,"0.954192"
3095,"0.0559312"
3096,"0.176815"
3097,"0.474184"
3098,"0.862993"
3099,"0.434730"
3100,"0.618006"
3101,"0.683645"
3102,"0.535902"
3103,"0.167224"
3104,"0.338759"
3105,"0.339136"
3106,"0.751158"
3107,"0.0440437"
3108,"0.00220397"
3109,"0.856865"
3110,"0.760532"
3111,"0.710632"
3112,"0.632565"
3113,"0.298056"
3114,"0.131439"
3115,"0.922859"
3116,"0.209344"
3117,"0.363198"
3118,"0.374896"
3119,"0.889977"
3120,"0.319832"
3121,"0.178123"
3122,"0.771733"
3123,"0.687287"
3124,"0.508366"
3125,"0.105669"
3126,"0.467346"
3127,"0.317110"
3128,"0.275594"
3129,"0.635862"
3130,"0.671072"
3131,"0.524540"
3132,"0.348306"
3133,"0.871863"
3134,"0.395130"
3135,"0.953572"
3136,"0.0542229"
3137,"0.0512880"
3138,"0.438574"
3139,"0.412454"
3140,"0.868286"
3141,"0.0273599"
3142,"0.120106"
3143,"0.891749"
3144,"0.672832"
3145,"0.0824884"
3146,"0.107632"
3147,"0.259834"
3148,"0.367652"
3149,"0.219140"
3150,"0.894428"
3151,"0.346991"
3152,"0.477721"
3153,"0.450524"
3154,"0.992378"
3155,"0.660884"
3156,"0.411130"
3157,"0.461505"
3158,"0.0927147"
3159,"0.555184"
3160,"0.369810"
3161,"0.790219"
3162,"0.278033"
3163,"0.208409"
3164,"0.0737587"
3165,"0.230721"
3166,"0.628291"
3167,"0.753464"
3168,"0.947990"
3169,"0.525480"
3170,"0.150349"
3171,"0.863444"
3172,"0.960464"
3173,"0.751448"
3174,"0.283374"
3175,"0.0241991"
3176,"0.989792"
3177,"0.813794"
3178,"0.0248970"
3179,"0.112866"
3180,"0.884420"
3181,"0.739758"
3182,"0.239478"
3183,"0.521058"
3184,"0.553870"
3185,"0.500374"
3186,"0.488367"
3187,"0.807086"
3188,"0.610738"
3189,"0.581667"
3190,"0.612789"
3191,"0.102719"
3192,"0.763295"
3193,"0.932108"
3194,"0.583503"
3195,"0.434620"
3196,"0.725041"
3197,"0.217372"
3198,"0.256609"
3199,"0.454382"
3200,"0.750426"
3201,"0.566062"
3202,"0.179906"
3203,"0.725400"
3204,"0.832929"
3205,"0.784500"
3206,"0.405050"
3207,"0.297383"
3208,"0.766565"
3209,"0.107365"
3210,"0.890830"
3211,"0.601112"
3212,"0.365336"
3213,"0.244450"
3214,"0.443517"
3215,"0.260376"
3216,"0.747445"
3217,"0.472624"
3218,"0.121183"
3219,"0.540465"
3220,"0.0492932"
3221,"0.677817"
3222,"0.556081"
3223,"0.708913"
3224,"0.954412"
3225,"0.635307"
3226,"0.914789"
3227,"0.173765"
3228,"0.760389"
3229,"0.0898171"
3230,"0.195772"
3231,"0.646240"
3232,"0.378917"
3233,"0.714842"
3234,"0.632202"
3235,"0.777460"
3236,"0.0812176"
3237,"0.777118"
3238,"0.394499"
3239,"0.335663"
3240,"0.760024"
3241,"0.536802"
3242,"0.514663"
3243,"0.604325"
3244,"0.570119"
3245,"0.218338"
3246,"0.782503"
3247,"0.697905"
3248,"0.879166"
3249,"0.906334"
3250,"0.508221"
3251,"0.0128624"
3252,"0.168081"
3253,"0.00174294"
3254,"0.811667"
3255,"0.991621"
3256,"0.449376"
3257,"0.727068"
3258,"0.452067"
3259,"0.972233"
3260,"0.979088"
3261,"0.421964"
3262,"0.573632"
3263,"0.937040"
3264,"0.216583"
3265,"0.134465"
3266,"0.912027"
3267,"0.157618"
3268,"0.871058"
3269,"0.669749"
3270,"0.822718"
3271,"0.352881"
3272,"0.643093"
3273,"0.958909"
3274,"0.277471"
3275,"0.911763"
3276,"0.482525"
3277,"0.0414555"
3278,"0.513503"
3279,"0.755568"
3280,"0.752764"
3281,"0.796176"
3282,"0.830888"
3283,"0.960140"
3284,"0.106730"
3285,"0.455950"
3286,"0.950556"
3287,"0.275228"
3288,"0.267208"
3289,"0.725737"
3290,"0.376031"
3291,"0.988503"
3292,"0.523554"
3293,"0.736589"
3294,"0.245433"
3295,"0.209490"
3296,"0.0915654"
3297,"0.805140"
3298,"0.404032"
3299,"0.849271"
3300,"0.729734"
3301,"0.791574"
3302,"0.821406"
3303,"0.952188"
3304,"0.804849"
3305,"0.316555"
3306,"0.598921"
3307,"0.0108339"
3308,"0.319232"
3309,"0.327847"
3310,"0.592548"
3311,"0.837658"
3312,"0.662394"
3313,"0.870519"
3314,"0.225660"
3315,"0.703251"
3316,"0.211216"
3317,"0.759882"
3318,"0.151509"
3319,"0.237607"
3320,"0.359412"
3321,"0.828894"
3322,"0.695668"
3323,"0.322854"
3324,"0.346787"
3325,"0.682489"
3326,"0.267128"
3327,"0.0901229"
3328,"0.954516"
3329,"0.695783"
3330,"0.135515"
3331,"0.183322"
3332,"0.571750"
3333,"0.342178"
3334,"0.416496"
3335,"0.124122"
3336,"0.0187067"
3337,"0.334083"
3338,"0.868995"
3339,"0.502561"
3340,"0.701255"
3341,"0.0534234"
3342,"0.634120"
3343,"0.448055"
3344,"0.797475"
3345,"0.251636"
3346,"0.0714077"
3347,"0.0702006"
3348,"0.672193"
3349,"0.841851"
3350,"0.396590"
3351,"0.868101"
3352,"0.879583"
3353,"0.383569"
3354,"0.166101"
3355,"0.578059"
3356,"0.482146"
3357,"0.678761"
3358,"0.595069"
3359,"0.225878"
3360,"0.561307"
3361,"0.729527"
3362,"0.00425937"
3363,"0.962539"
3364,"0.588883"
3365,"0.747844"
3366,"0.282683"
3367,"0.0961006"
3368,"0.361537"
3369,"0.463332"
3370,"0.922663"
3371,"0.329398"
3372,"0.213359"
3373,"0.642031"
3374,"0.100906"
3375,"0.419485"
3376,"0.00597363"
3377,"0.118721"
3378,"0.159354"
3379,"0.296933"
3380,"0.563468"
3381,"0.678169"
3382,"0.945799"
3383,"0.241389"
3384,"0.0335185"
3385,"0.0340361"
3386,"0.244694"
3387,"0.391282"
3388,"0.854545"
3389,"0.913414"
3390,"0.251398"
3391,"0.415435"
3392,"0.864155"
3393,"0.274173"
3394,"0.438782"
3395,"0.0744557"
3396,"0.550485"
3397,"0.566412"
3398,"0.0963726"
3399,"0.758738"
3400,"0.193659"
3401,"0.0641483"
3402,"0.547631"
3403,"0.861399"
3404,"0.970594"
3405,"0.293813"
3406,"0.372380"
3407,"0.546841"
3408,"0.183833"
3409,"0.137635"
3410,"0.0295873"
3411,"0.912494"
3412,"0.226298"
3413,"0.558069"
3414,"0.703881"
3415,"0.978522"
3416,"0.776948"
3417,"0.546699"
3418,"0.255046"
3419,"0.302162"
3420,"0.399674"
3421,"0.390356"
3422,"0.117296"
3423,"0.522406"
3424,"0.815860"
3425,"0.295665"
3426,"0.188079"
3427,"0.402284"
3428,"0.0867634"
3429,"0.728514"
3430,"0.206580"
3431,"0.00399989"
3432,"0.120079"
3433,"0.280117"
3434,"0.597079"
3435,"0.617345"
3436,"0.410091"
3437,"0.603783"
3438,"0.202415"
3439,"0.799988"
3440,"0.786018"
3441,"0.514099"
3442,"0.0493030"
3443,"0.673001"
3444,"0.868095"
3445,"0.0593574"
3446,"0.633919"
3447,"0.801857"
3448,"0.441935"
3449,"0.821395"
3450,"0.187045"
3451,"0.167224"
3452,"0.374175"
3453,"0.466280"
3454,"0.367880"
3455,"0.617020"
3456,"0.494183"
3457,"0.128154"
3458,"0.653808"
3459,"0.0886836"
3460,"0.382715"
3461,"0.757448"
3462,"0.238484"
3463,"0.884054"
3464,"0.993556"
3465,"0.180968"
3466,"0.212165"
3467,"0.0265597"
3468,"0.848816"
3469,"0.817584"
3470,"0.512777"
3471,"0.376307"
3472,"0.348723"
3473,"0.542831"
3474,"0.0849568"
3475,"0.207307"
3476,"0.468773"
3477,"0.977015"
3478,"0.339065"
3479,"0.802886"
3480,"0.0105293"
3481,"0.782965"
3482,"0.247654"
3483,"0.710788"
3484,"0.636810"
3485,"0.0705797"
3486,"0.706986"
3487,"0.230809"
3488,"0.719369"
3489,"0.268333"
3490,"0.897175"
3491,"0.517422"
3492,"0.714794"
3493,"0.399301"
3494,"0.00108478"
3495,"0.149746"
3496,"0.615485"
3497,"0.993153"
3498,"0.345089"
3499,"0.472427"
3500,"0.0114233"
3501,"0.530936"
3502,"0.782800"
3503,"0.931085"
3504,"0.756781"
3505,"0.592357"
3506,"0.0907247"
3507,"0.280520"
3508,"0.110766"
3509,"0.692831"
3510,"0.553407"
3511,"0.807542"
3512,"0.731275"
3513,"0.442600"
3514,"0.366854"
3515,"0.112965"
3516,"0.0224492"
3517,"0.310794"
3518,"0.736491"
3519,"0.836581"
3520,"0.528497"
3521,"0.391005"
3522,"0.888351"
3523,"0.303816"
3524,"0.547306"
3525,"0.932715"
3526,"0.692971"
3527,"0.646677"
3528,"0.967533"
3529,"0.153276"
3530,"0.329895"
3531,"0.508965"
3532,"0.677390"
3533,"0.0652311"
3534,"0.978242"
3535,"0.0465336"
3536,"0.203821"
3537,"0.556993"
3538,"0.476161"
3539,"0.256045"
3540,"0.212876"
3541,"0.505959"
3542,"0.764688"
3543,"0.448421"
3544,"0.0967587"
3545,"0.606380"
3546,"0.658580"
3547,"0.363745"
3548,"0.168585"
3549,"0.0481145"
3550,"0.985662"
3551,"0.165176"
3552,"0.267038"
3553,"0.435595"
3554,"0.175857"
3555,"0.864038"
3556,"0.597366"
3557,"0.982415"
3558,"0.271031"
3559,"0.409139"
3560,"0.619569"
3561,"0.703637"
3562,"0.722223"
3563,"0.718209"
3564,"0.716372"
3565,"0.774100"
3566,"0.826440"
3567,"0.703181"
3568,"0.969633"
3569,"0.955196"
3570,"0.564681"
3571,"0.328784"
3572,"0.0921799"
3573,"0.170944"
3574,"0.168629"
3575,"0.420587"
3576,"0.800422"
3577,"0.159111"
3578,"0.611590"
3579,"0.526201"
3580,"0.600516"
3581,"0.289656"
3582,"0.607308"
3583,"0.911231"
3584,"0.433290"
3585,"0.702836"
3586,"0.865878"
3587,"0.401598"
3588,"0.514642"
3589,"0.158982"
3590,"0.457275"
3591,"0.570216"
3592,"0.313919"
3593,"0.540630"
3594,"0.770337"
3595,"0.935817"
3596,"0.295283"
3597,"0.939021"
3598,"0.987740"
3599,"0.0155555"
3600,"0.781137"
3601,"0.232158"
3602,"0.163650"
3603,"0.540311"
3604,"0.0863024"
3605,"0.898055"
3606,"0.157710"
3607,"0.0640431"
3608,"0.981195"
3609,"0.538858"
3610,"0.433186"
3611,"0.869095"
3612,"0.727700"
3613,"0.606159"
3614,"0.993110"
3615,"0.645283"
3616,"0.868798"
3617,"0.969656"
3618,"0.485269"
3619,"0.277840"
3620,"0.646840"
3621,"0.780833"
3622,"0.970379"
3623,"0.370705"
3624,"0.892322"
3625,"0.280934"
3626,"0.588834"
3627,"0.0543788"
3628,"0.519781"
3629,"0.756365"
3630,"0.379665"
3631,"0.594308"
3632,"0.961392"
3633,"0.565074"
3634,"0.158074"
3635,"0.952764"
3636,"0.920753"
3637,"0.724564"
3638,"0.191227"
3639,"0.509436"
3640,"0.846564"
3641,"0.492567"
3642,"0.0515720"
3643,"0.189915"
3644,"0.362834"
3645,"0.0177188"
3646,"0.411377"
3647,"0.173161"
3648,"0.834849"
3649,"0.258450"
3650,"0.305972"
3651,"0.00394344"
3652,"0.436661"
3653,"0.728211"
3654,"0.487165"
3655,"0.354990"
3656,"0.403722"
3657,"0.0551441"
3658,"0.0837879"
3659,"0.0956549"
3660,"0.0843462"
3661,"0.337807"
3662,"0.748230"
3663,"0.997120"
3664,"0.454842"
3665,"0.534224"
3666,"0.789310"
3667,"0.157934"
3668,"0.0987228"
3669,"0.800528"
3670,"0.181743"
3671,"0.992949"
3672,"0.459049"
3673,"0.00129539"
3674,"0.0985195"
3675,"0.613110"
3676,"0.855609"
3677,"0.664190"
3678,"0.623278"
3679,"0.456753"
3680,"0.661351"
3681,"0.178610"
3682,"0.397442"
3683,"0.984494"
3684,"0.711161"
3685,"0.349869"
3686,"0.902297"
3687,"0.351423"
3688,"0.129058"
3689,"0.146525"
3690,"0.504612"
3691,"0.744102"
3692,"0.803630"
3693,"0.0702075"
3694,"0.419537"
3695,"0.598897"
3696,"0.534772"
3697,"0.387187"
3698,"0.549253"
3699,"0.648686"
3700,"0.854263"
3701,"0.927807"
3702,"0.0789317"
3703,"0.601862"
3704,"0.0285279"
3705,"0.536594"
3706,"0.0344932"
3707,"0.158873"
3708,"0.467925"
3709,"0.951884"
3710,"0.848283"
3711,"0.425695"
3712,"0.664504"
3713,"0.0601507"
3714,"0.761963"
3715,"0.366821"
3716,"0.757195"
3717,"0.972415"
3718,"0.538051"
3719,"0.00501484"
3720,"0.892287"
3721,"0.573820"
3722,"0.911243"
3723,"0.626505"
3724,"0.349671"
3725,"0.0838264"
3726,"0.896899"
3727,"0.0112802"
3728,"0.0818043"
3729,"0.313656"
3730,"0.730168"
3731,"0.423925"
3732,"0.717832"
3733,"0.533582"
3734,"0.445871"
3735,"0.103845"
3736,"0.134667"
3737,"0.432056"
3738,"0.850147"
3739,"0.677669"
3740,"0.139985"
3741,"0.355226"
3742,"0.625918"
3743,"0.436605"
3744,"0.936768"
3745,"0.113295"
3746,"0.757089"
3747,"0.870944"
3748,"0.415504"
3749,"0.958893"
3750,"0.451757"
3751,"0.724955"
3752,"0.0285991"
3753,"0.224138"
3754,"0.373792"
3755,"0.607999"
3756,"0.816751"
3757,"0.129003"
3758,"0.992510"
3759,"0.423569"
3760,"0.663884"
3761,"0.240903"
3762,"0.225889"
3763,"0.970936"
3764,"0.777202"
3765,"0.708108"
3766,"0.706693"
3767,"0.422898"
3768,"0.260686"
3769,"0.995216"
3770,"0.272825"
3771,"0.402158"
3772,"0.0826479"
3773,"0.810346"
3774,"0.118375"
3775,"0.0540784"
3776,"0.212710"
3777,"0.371903"
3778,"0.112308"
3779,"0.198727"
3780,"0.494834"
3781,"0.726183"
3782,"0.494195"
3783,"0.849478"
3784,"0.450531"
3785,"0.981242"
3786,"0.0518644"
3787,"0.637038"
3788,"0.334811"
3789,"0.824760"
3790,"0.844171"
3791,"0.794850"
3792,"0.956270"
3793,"0.435658"
3794,"0.225408"
3795,"0.587064"
3796,"0.495154"
3797,"0.344946"
3798,"0.807628"
3799,"0.121253"
3800,"0.0670565"
3801,"0.521475"
3802,"0.373499"
3803,"0.135986"
3804,"0.732269"
3805,"0.131212"
3806,"0.517161"
3807,"0.700500"
3808,"0.433922"
3809,"0.689973"
3810,"0.777480"
3811,"0.00490809"
3812,"0.501402"
3813,"0.799674"
3814,"0.632184"
3815,"0.495838"
3816,"0.420539"
3817,"0.820842"
3818,"0.753144"
3819,"0.758006"
3820,"0.800820"
3821,"0.586442"
3822,"0.660935"
3823,"0.335309"
3824,"0.734526"
3825,"0.917467"
3826,"0.820795"
3827,"0.913122"
3828,"0.492457"
3829,"0.587873"
3830,"0.181733"
3831,"0.894797"
3832,"0.714412"
3833,"0.992168"
3834,"0.458809"
3835,"0.459186"
3836,"0.500942"
3837,"0.283446"
3838,"0.852084"
3839,"0.621557"
3840,"0.820806"
3841,"0.690751"
3842,"0.323272"
3843,"0.205906"
3844,"0.383253"
3845,"0.482500"
3846,"0.788234"
3847,"0.517303"
3848,"0.951807"
3849,"0.827425"
3850,"0.151380"
3851,"0.483781"
3852,"0.625976"
3853,"0.250686"
3854,"0.938770"
3855,"0.114964"
3856,"0.294835"
3857,"0.796332"
3858,"0.810938"
3859,"0.538242"
3860,"0.565848"
3861,"0.402510"
3862,"0.425602"
3863,"0.274958"
3864,"0.796003"
3865,"0.389949"
3866,"0.302003"
3867,"0.490739"
3868,"0.0206415"
3869,"0.0493768"
3870,"0.474705"
3871,"0.352364"
3872,"0.687814"
3873,"0.591830"
3874,"0.400500"
3875,"0.640814"
3876,"0.166478"
3877,"0.206357"
3878,"0.845652"
3879,"0.586758"
3880,"0.373498"
3881,"0.0517966"
3882,"0.0634352"
3883,"0.379734"
3884,"0.00129197"
3885,"0.424710"
3886,"0.826297"
3887,"0.911467"
3888,"0.376742"
3889,"0.954337"
3890,"0.739564"
3891,"0.0578621"
3892,"0.670350"
3893,"0.770254"
3894,"0.0721893"
3895,"0.728429"
3896,"0.0481963"
3897,"0.926939"
3898,"0.827638"
3899,"0.281235"
3900,"0.259297"
3901,"0.404596"
3902,"0.112327"
3903,"0.264910"
3904,"0.688839"
3905,"0.246710"
3906,"0.601314"
3907,"0.178727"
3908,"0.105100"
3909,"0.687443"
3910,"0.0414103"
3911,"0.812602"
3912,"0.481412"
3913,"0.614612"
3914,"0.290018"
3915,"0.577318"
3916,"0.473660"
3917,"0.171296"
3918,"0.279524"
3919,"0.258644"
3920,"0.938205"
3921,"0.737360"
3922,"0.0882233"
3923,"0.852593"
3924,"0.108039"
3925,"0.500977"
3926,"0.408931"
3927,"0.934238"
3928,"0.463263"
3929,"0.372658"
3930,"0.889182"
3931,"0.0221871"
3932,"0.330760"
3933,"0.723337"
3934,"0.535168"
3935,"0.918039"
3936,"0.338761"
3937,"0.347275"
3938,"0.812618"
3939,"0.891659"
3940,"0.771792"
3941,"0.726307"
3942,"0.946370"
3943,"0.0653840"
3944,"0.160792"
3945,"0.621400"
3946,"0.0652569"
3947,"0.455402"
3948,"0.493619"
3949,"0.184561"
3950,"0.573886"
3951,"0.924859"
3952,"0.137616"
3953,"0.375617"
3954,"0.566836"
3955,"0.139000"
3956,"0.372469"
3957,"0.518668"
3958,"0.336016"
3959,"0.643187"
3960,"0.957854"
3961,"0.752280"
3962,"0.708751"
3963,"0.253854"
3964,"0.806811"
3965,"0.104577"
3966,"0.0877826"
3967,"0.708878"
3968,"0.497123"
3969,"0.0772972"
3970,"0.0349801"
3971,"0.705312"
3972,"0.769042"
3973,"0.631099"
3974,"0.224583"
3975,"0.337912"
3976,"0.0734118"
3977,"0.913018"
3978,"0.484669"
3979,"0.859234"
3980,"0.144456"
3981,"0.332697"
3982,"0.408882"
3983,"0.534301"
3984,"0.0155389"
3985,"0.336781"
3986,"0.369842"
3987,"0.991273"
3988,"0.515488"
3989,"0.113855"
3990,"0.674655"
3991,"0.872351"
3992,"0.0857249"
3993,"0.964267"
3994,"0.797257"
3995,"0.492482"
3996,"0.986273"
3997,"0.944530"
3998,"0.316301"
3999,"0.198472"
4000,"0.249766"
4001,"0.589580"
4002,"0.296650"
4003,"0.903833"
4004,"0.406337"
4005,"0.154067"
4006,"0.882404"
4007,"0.0175722"
4008,"0.878231"
4009,"0.365746"
4010,"0.478521"
4011,"0.545368"
4012,"0.171397"
4013,"0.180530"
4014,"0.676896"
4015,"0.0870222"
4016,"0.945888"
4017,"0.170619"
4018,"0.790545"
4019,"0.645659"
4020,"0.276987"
4021,"0.146932"
4022,"0.744848"
4023,"0.843563"
4024,"0.184365"
4025,"0.382427"
4026,"0.470103"
4027,"0.0726633"
4028,"0.0334826"
4029,"0.121546"
4030,"0.702663"
4031,"0.389543"
4032,"0.621507"
4033,"0.952378"
4034,"0.557275"
4035,"0.363210"
4036,"0.349700"
4037,"0.0739199"
4038,"0.897818"
4039,"0.0475735"
4040,"0.722935"
4041,"0.261371"
4042,"0.577007"
4043,"0.768492"
4044,"0.682947"
4045,"0.537803"
4046,"0.709008"
4047,"0.212535"
4048,"0.312291"
4049,"0.750145"
4050,"0.0678046"
4051,"0.776974"
4052,"0.587677"
4053,"0.628046"
4054,"0.107657"
4055,"0.636737"
4056,"0.00907665"
4057,"0.820521"
4058,"0.711111"
4059,"0.360638"
4060,"0.706225"
4061,"0.379688"
4062,"0.520037"
4063,"0.0743568"
4064,"0.235974"
4065,"0.664213"
4066,"0.629898"
4067,"0.123755"
4068,"0.804277"
4069,"0.342664"
4070,"0.420977"
4071,"0.718335"
4072,"0.791228"
4073,"0.0384252"
4074,"0.0125552"
4075,"0.927666"
4076,"0.508635"
4077,"0.282671"
4078,"0.759684"
4079,"0.466815"
4080,"0.972674"
4081,"0.491552"
4082,"0.771230"
4083,"0.582358"
4084,"0.307200"
4085,"0.237464"
4086,"0.805455"
4087,"0.198661"
4088,"0.371022"
4089,"0.804195"
4090,"0.687011"
4091,"0.428215"
4092,"0.581122"
4093,"0.920683"
4094,"0.701880"
4095,"0.355876"